id,first,last,age
id,Alvin,Murphy,62
id,Iva,Stokes,23
id,Don,Reed,58
id,Alta,Jordan,49
id,Augusta,Parker,29
id,Birdie,Wallace,63
id,David,Grant,43
id,Bernice,Parks,32
id,Essie,Rose,22
id,Ruth,Park,48
id,Ruby,Reed,50
id,Stella,Gross,37
id,Ruth,Parsons,65
id,Jose,Frank,54
id,Adelaide,Knight,45
id,Elizabeth,Garner,31
id,Rose,Wheeler,33
id,Zachary,McKenzie,30
id,Jorge,Garza,64
id,Christina,Burgess,47
id,Verna,Harrison,40
id,Brian,Romero,24
id,Lura,Robbins,47
id,Erik,Nash,62
id,Maurice,Page,61
id,Phillip,Flores,26
id,Hester,Fleming,35
id,Susie,Wilkerson,65
id,Bertha,Burgess,18
id,Billy,Lynch,26
id,Esther,Williams,43
id,Brent,Lopez,48
id,Nancy,Reynolds,35
id,Hannah,Schwartz,50
id,Olivia,George,34
id,Edith,Pearson,22
id,Wesley,Moss,25
id,Tony,Anderson,35
id,Linnie,McLaughlin,44
id,Cody,Dunn,42
id,Brandon,Lee,61
id,Ophelia,Castillo,33
id,Matthew,Lamb,23
id,Lloyd,Doyle,34
id,Matthew,Massey,32
id,Chris,Martinez,29
id,Roxie,Miles,58
id,Sara,Lewis,48
id,Victoria,Mathis,25
id,Gregory,Santos,51
id,Marc,Boone,44
id,Warren,Patrick,20
id,Connor,Lambert,31
id,Minnie,Kelley,45
id,Ricardo,Moody,45
id,Irene,Caldwell,52
id,Dale,Doyle,49
id,Lora,Curtis,49
id,Leila,Lynch,23
id,Milton,Beck,63
id,Hulda,Erickson,29
id,Bernard,Ortiz,30
id,Jason,Mendoza,28
id,Aaron,Burton,41
id,Bess,Hodges,40
id,Chase,Fisher,47
id,Patrick,Bishop,28
id,Fred,Brooks,27
id,Leila,Maxwell,25
id,Maria,Lindsey,53
id,Carolyn,Fisher,31
id,Virgie,Hayes,58
id,Delia,Warren,35
id,Josie,Lane,34
id,Daniel,Hill,19
id,Rachel,Freeman,18
id,Jacob,Berry,47
id,Lula,Foster,32
id,Adele,Wise,45
id,Ryan,Norris,27
id,Helena,Jacobs,65
id,Elmer,Dean,25
id,Augusta,Lucas,22
id,Sallie,Leonard,53
id,Minnie,Wagner,61
id,Cornelia,McGuire,49
id,Tony,Peterson,48
id,Don,Morrison,65
id,Noah,Hammond,65
id,Georgie,Mullins,39
id,Delia,Collins,56
id,Ricky,Williamson,39
id,Fannie,Blake,38
id,Howard,Hawkins,59
id,Craig,Bryant,34
id,Franklin,Cox,52
id,Evan,Cook,29
id,William,Lane,47
id,Nina,McCoy,37
id,Erik,Oliver,43
id,Matthew,Bush,37
id,Tom,Green,45
id,Kenneth,Elliott,64
id,Edna,Maldonado,41
id,Nathan,Cross,37
id,Walter,Long,43
id,Marguerite,Powers,39
id,Louise,Allison,50
id,Bernice,Boone,25
id,James,Cruz,52
id,Nettie,Murray,44
id,Chester,Lambert,44
id,Gregory,Bush,24
id,Christopher,Moss,22
id,Bessie,Nelson,35
id,Micheal,Newman,26
id,Ann,Ford,49
id,Jim,Cox,46
id,Kenneth,Carlson,27
id,Myrtle,Cunningham,26
id,Glenn,Ross,23
id,Seth,Parks,38
id,Gabriel,Tucker,54
id,Stella,Guzman,28
id,Nora,Cole,56
id,Gary,Lamb,31
id,Gary,Washington,38
id,Thomas,Mathis,28
id,Etta,Hernandez,49
id,Nellie,Barker,60
id,Seth,Love,51
id,Lily,Cooper,41
id,Marcus,Moore,36
id,Iva,Shelton,30
id,Harriet,Lindsey,59
id,Lucas,Webster,61
id,Georgia,Wong,57
id,Jesse,Snyder,61
id,Maurice,Miller,28
id,Lena,Ward,37
id,Lula,Nelson,65
id,Nellie,Weber,21
id,Marcus,Clayton,31
id,Lucinda,Hunt,64
id,Hilda,Anderson,40
id,Leah,Oliver,52
id,Ella,Bates,27
id,Billy,Little,36
id,Roxie,Hopkins,49
id,Mae,Andrews,61
id,Warren,Townsend,62
id,Luella,McDonald,50
id,Gabriel,Flores,22
id,Clifford,Buchanan,64
id,Ricardo,Howell,22
id,Mary,Medina,64
id,Adelaide,Thompson,64
id,Juan,Beck,40
id,John,Price,56
id,Marcus,Bowen,55
id,Violet,Hopkins,56
id,Joshua,Bowen,47
id,Stanley,Moreno,61
id,Lucinda,Jacobs,30
id,Ollie,Logan,23
id,Polly,Bishop,56
id,Lucile,Christensen,48
id,Carlos,Ellis,39
id,Dale,Taylor,18
id,Angel,Adkins,55
id,Elsie,McBride,63
id,Beulah,Murray,21
id,Myrtle,Dennis,59
id,Francis,Christensen,26
id,Ernest,George,34
id,Martin,Kim,38
id,Ella,Goodman,60
id,Matthew,Wong,22
id,Jackson,Stone,35
id,Howard,Cook,32
id,Teresa,Saunders,62
id,Grace,Moody,48
id,Marc,Stokes,25
id,Logan,Thomas,59
id,Mae,Larson,53
id,Annie,Webb,33
id,Sara,Rios,40
id,Flora,Beck,58
id,Lena,Gill,52
id,Alta,McGee,37
id,Viola,Valdez,56
id,Leo,Norman,62
id,Caroline,Franklin,52
id,Grace,Barrett,63
id,Dylan,Richards,32
id,Lelia,Joseph,20
id,Laura,Fuller,44
id,Steven,Holt,52
id,Rebecca,Barber,26
id,Jerry,Ortega,57
id,Gary,Moss,45
id,Mitchell,Miles,27
id,Gregory,McKenzie,22
id,Fred,Martin,36
id,Willie,Cobb,49
id,George,Silva,60
id,Willie,Norris,44
id,Howard,Cunningham,31
id,Louisa,Cross,38
id,Jeremy,Higgins,35
id,Lula,Gregory,44
id,Lida,Huff,33
id,Chase,Nunez,25
id,Marie,Edwards,61
id,Cora,Hart,31
id,Ryan,Williams,47
id,Nellie,Morales,42
id,Justin,Cooper,18
id,Sarah,Knight,38
id,Ola,Morales,20
id,Samuel,Hayes,28
id,Lettie,Lindsey,48
id,Jason,Ball,40
id,Augusta,Griffith,39
id,Jayden,Lamb,53
id,Cameron,West,46
id,Bessie,Robbins,47
id,Shawn,Lynch,21
id,Lily,Roberts,45
id,Tommy,Cannon,38
id,Effie,Huff,45
id,Katie,Johnston,55
id,Julia,Salazar,18
id,Lida,Wright,65
id,Mayme,Hill,42
id,Arthur,Perkins,65
id,Nelle,Franklin,63
id,Augusta,Owen,28
id,Clifford,Hale,65
id,Tom,Underwood,18
id,Francisco,Guerrero,21
id,Sue,Grant,28
id,Phillip,Rodgers,52
id,Minerva,Palmer,55
id,Brian,Peterson,63
id,Gertrude,Murphy,24
id,Danny,Allen,37
id,Allie,Andrews,40
id,Johnny,Munoz,57
id,Vera,Bowen,37
id,Tom,Ramos,43
id,Owen,Brady,32
id,Harriett,Hansen,60
id,Essie,Roberts,28
id,Mayme,Gibbs,25
id,Phillip,Ramsey,39
id,Sally,Hines,64
id,Bobby,Armstrong,61
id,Katherine,Reid,59
id,Marie,Jennings,21
id,Lewis,Vega,61
id,Zachary,Park,32
id,Cole,Evans,27
id,Mark,Aguilar,59
id,Inez,Day,28
id,Russell,Vargas,22
id,Celia,Porter,39
id,Elva,Rodriguez,48
id,Dollie,Collins,53
id,Troy,Montgomery,47
id,Esther,Patrick,28
id,Blake,Gross,25
id,Mable,Sanchez,35
id,Jorge,Dixon,18
id,Vernon,Gordon,64
id,Lawrence,Bell,26
id,Lura,Pearson,49
id,Zachary,Green,43
id,Timothy,Rowe,53
id,Connor,Gonzalez,62
id,Bryan,Drake,19
id,Myrtie,Collins,63
id,Irene,Yates,61
id,Logan,Steele,61
id,Rosalie,Walters,46
id,Ethan,Guerrero,26
id,Gary,Brooks,46
id,Rena,White,18
id,Alexander,Singleton,32
id,Wayne,Patton,39
id,Ada,Snyder,22
id,Estella,Butler,61
id,Ricky,Pittman,54
id,Harriett,Parsons,56
id,Seth,Pratt,55
id,Gary,Summers,31
id,Lizzie,Patterson,49
id,Shane,Sullivan,48
id,Jimmy,Tucker,29
id,Curtis,Goodman,19
id,Anthony,McKinney,59
id,Aaron,Watts,24
id,Myrtie,Payne,45
id,Mattie,Rhodes,55
id,Bettie,Mills,20
id,Leila,Willis,47
id,Ida,Evans,56
id,Isabel,Greene,58
id,Russell,Day,56
id,Myrtle,Francis,34
id,Jeremy,Lewis,65
id,Loretta,Bowen,33
id,Leonard,Cooper,35
id,Della,Walters,49
id,Lou,Howard,26
id,Violet,Tran,56
id,Maurice,Collins,20
id,Gregory,Stephens,27
id,Nannie,Simon,51
id,Darrell,May,21
id,Eva,Jenkins,61
id,Francisco,Schultz,28
id,Isabel,Pittman,65
id,Raymond,Park,31
id,Mae,Walsh,23
id,Laura,Gray,34
id,Jim,Bates,53
id,Christina,Kelley,59
id,Ronnie,Burgess,50
id,Ivan,Ray,23
id,Jayden,George,29
id,Cordelia,Gross,33
id,Daisy,Stanley,19
id,Rosie,Armstrong,38
id,Lilly,Rodgers,35
id,Lora,Elliott,22
id,Katie,Kelley,43
id,Billy,Hall,38
id,Eugenia,Delgado,52
id,Eva,Bennett,47
id,Mathilda,Medina,20
id,Ora,Hoffman,31
id,Bryan,Richards,61
id,Effie,Drake,54
id,Francis,Sullivan,48
id,Lelia,Briggs,35
id,Francisco,Salazar,31
id,Juan,Washington,63
id,Rachel,Castro,44
id,Georgia,Morris,19
id,Bess,Johnston,56
id,Elmer,Campbell,38
id,Carlos,Roberts,56
id,Esther,Harvey,51
id,Bryan,Hammond,50
id,Peter,Yates,26
id,Jeffrey,Simon,57
id,Matilda,Neal,47
id,Helena,Cohen,61
id,May,Cobb,29
id,Rachel,Dean,51
id,Chad,West,52
id,Philip,Rose,37
id,Louise,Watson,27
id,Harry,Rios,44
id,Harriett,Bush,51
id,Rosetta,Quinn,45
id,Ronnie,Cook,19
id,Carrie,Shelton,41
id,Johanna,Tyler,31
id,Thomas,Conner,20
id,Adam,Wolfe,44
id,Marion,Paul,29
id,Sophie,Pittman,20
id,Jerome,Boyd,19
id,Barry,Arnold,37
id,Lilly,Reese,64
id,Eliza,Townsend,60
id,Elmer,King,29
id,Jacob,Fisher,27
id,Willie,Walker,44
id,Sue,Fuller,39
id,Ruth,Dunn,24
id,Brian,Chapman,34
id,Bess,Taylor,43
id,Barry,Sanders,35
id,Dennis,Hale,37
id,Ivan,Sims,48
id,Isabel,Lowe,28
id,Leila,Cannon,45
id,Adrian,Thomas,58
id,Bertie,Robinson,33
id,Frances,Steele,47
id,Gerald,Stevenson,19
id,Georgie,Peters,65
id,Hulda,Saunders,39
id,Gregory,Fisher,43
id,Laura,Carr,56
id,Annie,Henry,62
id,Lina,Webb,48
id,Catherine,Mendez,56
id,Harriett,Klein,40
id,Adam,Nunez,32
id,Martha,Stone,56
id,Daniel,Page,23
id,Stella,Perez,61
id,Minerva,Ferguson,22
id,Sara,Welch,44
id,Corey,Walker,39
id,Gertrude,Erickson,20
id,Mollie,Hampton,45
id,Gerald,Schmidt,54
id,Jay,James,63
id,Amanda,Goodwin,65
id,Edgar,Ballard,18
id,Landon,Kim,56
id,Ryan,Gregory,57
id,Lida,Elliott,42
id,Stanley,Collins,19
id,Matilda,Rowe,34
id,Sophie,Dawson,55
id,Jordan,Kim,56
id,Joshua,Warner,25
id,Steve,Larson,31
id,Jose,Haynes,18
id,Willie,Allison,30
id,Hettie,Johnson,30
id,Elsie,Potter,33
id,Danny,Hodges,26
id,Matthew,Castro,22
id,Beatrice,Ford,19
id,Lizzie,Fleming,20
id,Margaret,Collier,47
id,Elizabeth,Watson,47
id,Steve,Harper,51
id,Cynthia,Hunter,37
id,Nell,Hamilton,59
id,Elnora,Conner,52
id,Robert,Carr,44
id,Jessie,Harmon,60
id,Timothy,Douglas,48
id,Glen,Fields,42
id,Marvin,Morton,42
id,Adele,Abbott,52
id,Donald,Atkins,20
id,Nora,Guerrero,65
id,Elnora,Warner,25
id,Howard,Collier,26
id,Jane,Klein,19
id,Lucille,Pratt,38
id,Vera,Hernandez,32
id,Sophie,Sandoval,37
id,Elva,Ferguson,35
id,Jason,Wong,56
id,Sylvia,Vega,27
id,Katherine,Ferguson,22
id,Alejandro,Mendez,44
id,Stella,Gill,37
id,Dominic,Perkins,49
id,Bobby,Ruiz,53
id,Brandon,Copeland,32
id,Millie,Holmes,52
id,Myrtle,Montgomery,44
id,Ola,Bryant,63
id,Leroy,Clark,33
id,Hunter,Cannon,40
id,Gilbert,Payne,37
id,Lottie,Ford,53
id,Theodore,McGuire,55
id,Lois,Jones,24
id,Jared,Schultz,37
id,Augusta,Lucas,56
id,Jimmy,Reynolds,24
id,Josephine,Armstrong,24
id,Roxie,Fox,37
id,Luis,Blair,42
id,Austin,Sandoval,32
id,Louisa,Phillips,21
id,Catherine,Figueroa,21
id,Harvey,Burns,36
id,Ollie,Joseph,40
id,Edith,Garcia,45
id,Polly,Fox,53
id,Mark,Marshall,39
id,Connor,Poole,37
id,Brandon,Pittman,26
id,Charlie,Davis,24
id,Landon,Myers,38
id,Janie,Taylor,58
id,Troy,Sanders,47
id,Olivia,Tran,61
id,Arthur,Butler,23
id,Leona,Terry,29
id,Kate,Marshall,19
id,Ronald,Cannon,27
id,Anne,Gonzales,57
id,Aiden,Crawford,65
id,Chester,Frazier,51
id,Bradley,Manning,56
id,Emily,Schultz,57
id,Lucas,Frank,32
id,Rose,Holmes,18
id,Francis,Hunt,27
id,Larry,Wong,40
id,Martha,Campbell,30
id,Jean,Andrews,56
id,Brett,Cannon,37
id,Alta,Underwood,22
id,Daisy,Kelly,42
id,Daisy,Haynes,42
id,Angel,Ferguson,65
id,Gary,Jimenez,56
id,Bruce,Erickson,40
id,Gavin,Valdez,62
id,Alfred,Ross,23
id,Blake,McCarthy,37
id,Marie,Munoz,62
id,Martha,McGee,60
id,Augusta,Sherman,30
id,Clarence,Webster,39
id,Derrick,Garner,39
id,Florence,Greene,39
id,Emily,Butler,39
id,Alfred,Weaver,49
id,Estelle,Boone,59
id,Edna,Hoffman,43
id,Mason,Bates,43
id,Dale,Haynes,47
id,Elizabeth,Aguilar,63
id,Jon,Vargas,56
id,Micheal,Owen,44
id,Andre,Ryan,41
id,Raymond,McKinney,33
id,Aaron,Garrett,28
id,Tillie,Howell,42
id,Clara,Henry,25
id,May,Ball,56
id,Henry,Wallace,40
id,Lina,Johnston,43
id,Mathilda,Diaz,45
id,Adrian,Allen,38
id,Duane,Haynes,21
id,Dollie,Hawkins,35
id,Tommy,Swanson,64
id,Ophelia,Yates,45
id,Mollie,Robbins,61
id,Jean,Morgan,39
id,Alberta,Manning,38
id,Evelyn,Simmons,60
id,Elnora,McGee,48
id,Chris,Cunningham,27
id,Seth,Hamilton,39
id,Timothy,Graham,59
id,Jeffrey,Fisher,59
id,Lenora,Osborne,41
id,David,Ford,29
id,Jimmy,Green,46
id,James,Ramos,54
id,Ellen,Armstrong,22
id,Jeremy,Pratt,19
id,Jared,Watts,20
id,Trevor,Clarke,54
id,Mollie,Robbins,28
id,Allen,Klein,65
id,Richard,Mack,30
id,Landon,Willis,39
id,Oscar,Love,27
id,Eliza,Mullins,52
id,Josie,Bishop,52
id,Brent,Sutton,18
id,Amanda,Gilbert,24
id,Olive,Massey,62
id,Eugene,Hughes,58
id,Vernon,Neal,44
id,Stanley,Morgan,54
id,Marie,Sanders,23
id,Mamie,Farmer,24
id,Warren,Manning,37
id,Ricky,Fox,60
id,Rena,Meyer,19
id,Willie,Rivera,65
id,Helena,Watson,59
id,Jean,Holland,23
id,Nora,Webster,55
id,Alexander,Griffith,34
id,Amelia,Hodges,50
id,Elva,Pittman,62
id,Emma,Perkins,52
id,Gordon,Walker,27
id,Lily,Snyder,41
id,Edna,Wood,62
id,Barbara,Harmon,25
id,May,Farmer,47
id,Irene,Simpson,63
id,Kyle,Vargas,22
id,Gussie,Pierce,38
id,Georgie,Cunningham,20
id,Lura,Richards,54
id,Jean,Morgan,40
id,Vernon,Sparks,31
id,Julia,Fernandez,23
id,Charles,Pena,34
id,Jessie,Rowe,21
id,Etta,Campbell,61
id,Myra,Mendez,22
id,Eunice,Ortiz,44
id,Oscar,Griffith,24
id,Steven,Thornton,31
id,Frank,Griffith,56
id,Lettie,Becker,39
id,Harriet,Byrd,24
id,Olga,Phelps,23
id,Luke,Castillo,29
id,Claudia,Morton,60
id,Ronald,Summers,47
id,Arthur,Tucker,65
id,Bertie,Caldwell,45
id,Alice,Pratt,46
id,Cornelia,Hunter,27
id,Millie,Harvey,39
id,Cynthia,Hampton,28
id,Blake,Welch,27
id,Abbie,Sutton,31
id,Lora,Turner,63
id,Brandon,Cortez,27
id,Vincent,Miles,22
id,Erik,Zimmerman,64
id,Kevin,Elliott,37
id,Jennie,Wolfe,24
id,Teresa,Wood,36
id,Cody,Townsend,58
id,Chris,Stevens,22
id,Douglas,Lee,43
id,Roger,Roy,36
id,Dorothy,Massey,28
id,Harriet,Wheeler,61
id,Vernon,Burgess,60
id,Randy,Barker,39
id,Lloyd,Watts,48
id,Beatrice,Fitzgerald,28
id,Carolyn,Walton,32
id,Bessie,Maldonado,31
id,Dustin,Carson,52
id,Jeffrey,Rodriguez,65
id,Lucy,Todd,57
id,Chad,Cooper,52
id,Hunter,McGee,26
id,Robert,Andrews,50
id,George,Higgins,19
id,Lucy,Singleton,40
id,Virgie,Ortiz,21
id,Jackson,Harmon,45
id,Effie,Gilbert,39
id,Bernice,Nguyen,37
id,Sean,Norton,20
id,Ina,Ortega,50
id,Henry,Matthews,22
id,Nancy,Torres,33
id,Jesus,Hampton,22
id,Herman,Reese,48
id,Frances,Briggs,44
id,Brent,Perry,25
id,Josephine,Mitchell,64
id,Annie,Perry,58
id,Amelia,Ramirez,48
id,David,Ruiz,38
id,Susie,Hill,58
id,Harvey,Perez,25
id,Etta,Norton,22
id,Howard,Hogan,61
id,Lettie,Byrd,21
id,Nannie,Reese,21
id,Irene,Vasquez,30
id,Marguerite,Snyder,24
id,Sara,Chambers,63
id,Scott,Mendez,20
id,Cordelia,Little,32
id,Mason,Simon,27
id,Gabriel,Vaughn,20
id,Eliza,Caldwell,37
id,Olga,Holt,19
id,Augusta,Ray,30
id,Marc,Maldonado,21
id,Jessie,Greer,27
id,Brian,Keller,46
id,Samuel,Sims,47
id,Troy,Dean,51
id,Jim,Rodgers,49
id,Eliza,Hill,41
id,Danny,Ruiz,54
id,Daniel,Simpson,63
id,Mathilda,Nash,50
id,Stella,Sullivan,23
id,Mark,Olson,57
id,Janie,Hanson,34
id,Dora,Porter,36
id,Cody,Estrada,57
id,Andrew,Owen,57
id,Jessie,Benson,46
id,Helen,Soto,19
id,Chase,Brown,44
id,Ruby,Huff,51
id,Roxie,Flores,20
id,Melvin,Rodriguez,39
id,Alfred,Stevenson,42
id,Ora,Owen,58
id,Benjamin,Gregory,28
id,Birdie,Cruz,32
id,Lily,Norton,53
id,Teresa,Santos,54
id,Lura,Wolfe,40
id,Grace,Bowman,20
id,Virgie,Jordan,40
id,Brett,Ramsey,21
id,Juan,Shaw,60
id,Norman,Paul,32
id,Glenn,West,32
id,Hannah,Weaver,63
id,Virgie,Delgado,64
id,Rosetta,Allison,20
id,Alfred,Ball,51
id,Allie,Gardner,56
id,Lora,Rodgers,28
id,Beatrice,Hill,60
id,Jeffrey,Williams,32
id,Lucille,Cortez,46
id,Marian,Gill,62
id,Luis,Lopez,51
id,Caroline,Daniel,44
id,Chase,Peterson,35
id,Viola,Allison,27
id,Jayden,Bates,65
id,Mina,Dawson,44
id,Jon,Hawkins,42
id,Lily,Harris,45
id,Elsie,Lyons,58
id,Miguel,Lynch,37
id,Marguerite,Ryan,18
id,Flora,Curtis,22
id,Ada,Love,52
id,Rosa,Morrison,20
id,Louis,Wagner,45
id,Wayne,Brown,65
id,Cole,Kelley,50
id,Sam,Castillo,33
id,Violet,Cortez,50
id,Elizabeth,Daniel,26
id,Trevor,Morton,64
id,Theodore,Cruz,35
id,Fannie,Gregory,50
id,Manuel,Marshall,52
id,Myrtie,Green,38
id,Roxie,Bryant,50
id,Steven,Caldwell,31
id,Frederick,Harmon,27
id,Emilie,Miles,23
id,Walter,Mason,35
id,Claudia,Wagner,18
id,Steven,Lawrence,45
id,Stephen,Horton,61
id,Juan,Cooper,25
id,Mike,Erickson,63
id,Ina,Hart,45
id,Michael,Moody,45
id,Walter,Coleman,54
id,Justin,Wilkerson,25
id,Thomas,Bryan,29
id,Francisco,Herrera,22
id,Randall,Pearson,65
id,Martha,Anderson,35
id,Susan,Butler,35
id,Douglas,Mullins,32
id,Edith,Davidson,64
id,Clifford,Webb,58
id,Lulu,Foster,55
id,Lola,Phillips,28
id,Rosie,Shelton,46
id,Nettie,Lindsey,20
id,Jennie,Wilkins,49
id,Owen,Manning,31
id,Duane,Cruz,47
id,Georgie,Stanley,62
id,Nannie,Tran,63
id,Frederick,Reynolds,45
id,Mabelle,Munoz,23
id,Alberta,Rodriquez,40
id,Lola,Graves,41
id,Winnie,Singleton,40
id,Julian,Ball,53
id,Carolyn,Bates,44
id,Mitchell,Miller,60
id,Juan,McCormick,55
id,Jonathan,Weaver,53
id,Antonio,Williamson,39
id,Lura,Rodriquez,36
id,Etta,Peterson,22
id,Julia,Russell,64
id,Bruce,Perez,47
id,Laura,French,32
id,Darrell,Johnson,63
id,Essie,Ingram,64
id,Patrick,Payne,22
id,Helena,Jenkins,28
id,Myrtle,Ward,34
id,Elsie,Adams,45
id,George,Rios,42
id,Adele,Chapman,22
id,Douglas,Lowe,44
id,Ruby,Owen,32
id,Gilbert,Patterson,25
id,Mamie,Potter,38
id,Ronnie,Bowman,46
id,Aiden,Summers,58
id,Rose,Francis,26
id,Marian,Steele,34
id,Amy,Gill,58
id,Nora,Burgess,60
id,Theresa,Brewer,39
id,Alan,Summers,23
id,Erik,Wise,46
id,Janie,Mason,39
id,Aiden,May,23
id,Frederick,Price,34
id,Edward,McKenzie,24
id,Terry,Sherman,64
id,Sophie,Guzman,45
id,Owen,Mack,46
id,Rebecca,Payne,58
id,Ruth,Fields,41
id,Patrick,Black,56
id,Cornelia,Osborne,33
id,Jimmy,Boyd,50
id,Derrick,Collier,45
id,Rosa,Joseph,30
id,Shawn,Bass,62
id,Zachary,Morgan,64
id,Jane,Griffith,26
id,George,May,49
id,Tommy,Rhodes,51
id,Lenora,Barrett,26
id,Mason,Briggs,41
id,Jessie,Austin,42
id,Elsie,Carpenter,62
id,Julia,Grant,46
id,Effie,Wilson,48
id,Frances,Wright,23
id,Don,Bush,52
id,Ophelia,Carson,40
id,Tommy,Vasquez,64
id,Alexander,Lawson,43
id,Louis,McLaughlin,33
id,Harvey,Lawrence,41
id,Lena,Bates,46
id,Sarah,Jimenez,19
id,Christina,Rios,36
id,Fannie,Bowers,24
id,Mary,Griffin,41
id,Lucy,Stephens,32
id,Sam,Reed,54
id,Janie,Hogan,46
id,Pearl,Nelson,34
id,Jessie,Rodriguez,58
id,Isaac,Jennings,33
id,Norman,Brady,36
id,Eliza,Paul,35
id,Emma,Bass,31
id,Jack,Cross,50
id,Walter,Wade,61
id,Marcus,Pena,64
id,Jimmy,Quinn,44
id,David,Davidson,25
id,Adrian,Morgan,54
id,Kate,Burns,53
id,Louis,Poole,55
id,Jayden,Walton,20
id,Grace,Thomas,30
id,Gregory,George,36
id,Mary,Fox,23
id,Ida,Collins,41
id,Marc,Snyder,32
id,Jose,Quinn,56
id,Hilda,Rowe,59
id,Jeffery,Guerrero,54
id,Sylvia,Wilkins,53
id,Hulda,Frazier,27
id,Della,Lynch,29
id,Susan,Williamson,53
id,Mayme,Alexander,52
id,Helen,Robbins,62
id,Lee,Fowler,60
id,Garrett,Perry,43
id,Cameron,Hines,27
id,Vernon,Schwartz,34
id,Alex,Cross,37
id,Jay,Briggs,51
id,Brett,Roberson,50
id,Jorge,Hicks,54
id,Lizzie,Stone,48
id,Nathaniel,Morton,44
id,Louis,Webb,64
id,Jeanette,Norris,44
id,James,Dixon,47
id,Glenn,Cross,34
id,Rosalie,Schmidt,50
id,Margaret,Armstrong,34
id,Marvin,Gonzales,45
id,Nathaniel,Sutton,27
id,Leonard,Ballard,45
id,Josie,Allison,41
id,Alfred,Adams,41
id,Susie,Reid,21
id,Nelle,Simon,46
id,Birdie,Henry,35
id,Brian,Manning,19
id,Lizzie,Lloyd,24
id,Mattie,Frank,47
id,Ernest,Martin,36
id,Francis,Griffith,23
id,Harriet,Ingram,23
id,Garrett,Sparks,56
id,Nina,Reeves,37
id,Andre,Leonard,43
id,Brian,Schneider,47
id,Jay,McKinney,55
id,Dora,Gordon,49
id,Dominic,Shaw,27
id,Bertha,Rivera,19
id,Georgie,Henry,65
id,Caleb,Brock,56
id,Winifred,Marshall,65
id,Jeremy,Hill,50
id,Lloyd,Hill,42
id,Thomas,Barton,42
id,Bertha,Adams,48
id,Callie,Norton,56
id,Tillie,Barber,23
id,Louise,Jensen,55
id,Zachary,Cummings,63
id,Bettie,Mendez,57
id,Sue,Marsh,44
id,George,Fernandez,47
id,Virgie,Cooper,25
id,Virginia,Clark,50
id,Troy,Glover,54
id,Rebecca,Wells,41
id,Paul,Campbell,53
id,Daniel,Erickson,45
id,Alfred,Castillo,30
id,Hunter,Henderson,55
id,Georgia,Gonzalez,44
id,Emma,McDonald,61
id,Arthur,Alvarado,43
id,Christian,Price,32
id,Brian,Sharp,42
id,Wayne,King,33
id,Manuel,Griffin,49
id,Lulu,Meyer,59
id,Mattie,Cook,18
id,Bernard,Copeland,32
id,Wesley,Luna,18
id,Herbert,Terry,47
id,Angel,Owens,62
id,Lois,Salazar,53
id,Ollie,Neal,19
id,Georgia,Freeman,24
id,Emma,Carpenter,42
id,Isaiah,Shaw,20
id,Tyler,Logan,62
id,Victoria,Bishop,37
id,Harvey,Foster,63
id,Hunter,Moody,23
id,Nannie,Roy,47
id,Zachary,Harrington,36
id,Maggie,Bennett,55
id,Rachel,Diaz,35
id,Tillie,Wise,18
id,Sally,Douglas,31
id,Kenneth,Moore,50
id,Dennis,Copeland,65
id,Eva,Mendoza,23
id,Johnny,Fox,27
id,Connor,Bass,20
id,Vernon,Brown,63
id,May,Pope,61
id,Tyler,Gonzales,30
id,Jeff,Larson,59
id,Ivan,Aguilar,19
id,Adam,Barnett,51
id,Dean,Riley,41
id,Alejandro,Thornton,31
id,Louisa,Rodriguez,27
id,Seth,Guzman,34
id,Leila,Carson,50
id,Nellie,Lucas,31
id,Delia,Taylor,32
id,Oscar,Wilkins,63
id,Callie,Ballard,63
id,Ethan,Ellis,41
id,Curtis,Burns,40
id,Iva,Carlson,38
